{
    "name": "FirebaseJson",
    "keywords": "json, parse, rest, http",
    "description": "The easiest Arduino library JSON parser, builder and editor for ESP8266, ESP32, Teensy 3.x, Teensy 4.x and others MCUs.",
    "repository": {
        "type": "git",
        "url": "https://github.com/mobizt/FirebaseJson"
    },
    "frameworks": "arduino",
    "platforms": ["espressif8266", "espressif32","teensy", "atmelsam","ststm32","atmelavr","atmelmegaavr","raspberrypi"],
    "version": "2.6.12"
}